[{"model": "forum.postcategory", "pk": 1, "fields": {"name": "Studies", "url": "studies"}}, {"model": "forum.postcategory", "pk": 2, "fields": {"name": "Relationships", "url": "relationships"}}, {"model": "forum.postcategory", "pk": 3, "fields": {"name": "Social World", "url": "social-world"}}, {"model": "contenttypes.contenttype", "pk": 1, "fields": {"app_label": "admin", "model": "logentry"}}, {"model": "contenttypes.contenttype", "pk": 2, "fields": {"app_label": "auth", "model": "group"}}, {"model": "contenttypes.contenttype", "pk": 3, "fields": {"app_label": "auth", "model": "permission"}}, {"model": "contenttypes.contenttype", "pk": 4, "fields": {"app_label": "auth", "model": "user"}}, {"model": "contenttypes.contenttype", "pk": 5, "fields": {"app_label": "contenttypes", "model": "contenttype"}}, {"model": "contenttypes.contenttype", "pk": 6, "fields": {"app_label": "sessions", "model": "session"}}, {"model": "contenttypes.contenttype", "pk": 7, "fields": {"app_label": "forum", "model": "postcategory"}}, {"model": "contenttypes.contenttype", "pk": 8, "fields": {"app_label": "forum", "model": "forumpost"}}, {"model": "contenttypes.contenttype", "pk": 9, "fields": {"app_label": "forum", "model": "comment"}}, {"model": "contenttypes.contenttype", "pk": 10, "fields": {"app_label": "forum", "model": "messages"}}, {"model": "sessions.session", "pk": "4z1gwleq3f3ngqln6b9fjhgbq6jx4keu", "fields": {"session_data": "ODc2Y2U0MWRlN2MxNWRjNmI3NGEwNTlmMGY4OGM1ZDcyNDdlYjUwNjp7Il9hdXRoX3VzZXJfaGFzaCI6IjRjODFkMmEzYzJhY2YxMjQzOThkNzFkMmUzYjgwYzA5ZWU1MjhmZDUiLCJfYXV0aF91c2VyX2JhY2tlbmQiOiJkamFuZ28uY29udHJpYi5hdXRoLmJhY2tlbmRzLk1vZGVsQmFja2VuZCIsIl9hdXRoX3VzZXJfaWQiOiIxIn0=", "expire_date": "2017-10-06T16:31:40.050Z"}}, {"model": "sessions.session", "pk": "eal0yuzz4cbb5u61nu9rmeryqrdqe9pr", "fields": {"session_data": "ODc2Y2U0MWRlN2MxNWRjNmI3NGEwNTlmMGY4OGM1ZDcyNDdlYjUwNjp7Il9hdXRoX3VzZXJfaGFzaCI6IjRjODFkMmEzYzJhY2YxMjQzOThkNzFkMmUzYjgwYzA5ZWU1MjhmZDUiLCJfYXV0aF91c2VyX2JhY2tlbmQiOiJkamFuZ28uY29udHJpYi5hdXRoLmJhY2tlbmRzLk1vZGVsQmFja2VuZCIsIl9hdXRoX3VzZXJfaWQiOiIxIn0=", "expire_date": "2017-10-07T06:52:56.596Z"}}, {"model": "sessions.session", "pk": "fg9jbrdg6pgql98qnfze0296owqajrnk", "fields": {"session_data": "ODc2Y2U0MWRlN2MxNWRjNmI3NGEwNTlmMGY4OGM1ZDcyNDdlYjUwNjp7Il9hdXRoX3VzZXJfaGFzaCI6IjRjODFkMmEzYzJhY2YxMjQzOThkNzFkMmUzYjgwYzA5ZWU1MjhmZDUiLCJfYXV0aF91c2VyX2JhY2tlbmQiOiJkamFuZ28uY29udHJpYi5hdXRoLmJhY2tlbmRzLk1vZGVsQmFja2VuZCIsIl9hdXRoX3VzZXJfaWQiOiIxIn0=", "expire_date": "2017-10-01T18:26:41.395Z"}}, {"model": "sessions.session", "pk": "hq561vgylg4lqlkwfdr02uvlguh7qqtp", "fields": {"session_data": "ODc2Y2U0MWRlN2MxNWRjNmI3NGEwNTlmMGY4OGM1ZDcyNDdlYjUwNjp7Il9hdXRoX3VzZXJfaGFzaCI6IjRjODFkMmEzYzJhY2YxMjQzOThkNzFkMmUzYjgwYzA5ZWU1MjhmZDUiLCJfYXV0aF91c2VyX2JhY2tlbmQiOiJkamFuZ28uY29udHJpYi5hdXRoLmJhY2tlbmRzLk1vZGVsQmFja2VuZCIsIl9hdXRoX3VzZXJfaWQiOiIxIn0=", "expire_date": "2017-10-07T04:02:37.332Z"}}, {"model": "sessions.session", "pk": "lg5vmvskrwkylgbrthlll4aagzmv7dcc", "fields": {"session_data": "ODc2Y2U0MWRlN2MxNWRjNmI3NGEwNTlmMGY4OGM1ZDcyNDdlYjUwNjp7Il9hdXRoX3VzZXJfaGFzaCI6IjRjODFkMmEzYzJhY2YxMjQzOThkNzFkMmUzYjgwYzA5ZWU1MjhmZDUiLCJfYXV0aF91c2VyX2JhY2tlbmQiOiJkamFuZ28uY29udHJpYi5hdXRoLmJhY2tlbmRzLk1vZGVsQmFja2VuZCIsIl9hdXRoX3VzZXJfaWQiOiIxIn0=", "expire_date": "2017-10-01T12:29:07.605Z"}}, {"model": "sessions.session", "pk": "wvnukrj0l2zfgbeu6loztap8zng9dlve", "fields": {"session_data": "ODc2Y2U0MWRlN2MxNWRjNmI3NGEwNTlmMGY4OGM1ZDcyNDdlYjUwNjp7Il9hdXRoX3VzZXJfaGFzaCI6IjRjODFkMmEzYzJhY2YxMjQzOThkNzFkMmUzYjgwYzA5ZWU1MjhmZDUiLCJfYXV0aF91c2VyX2JhY2tlbmQiOiJkamFuZ28uY29udHJpYi5hdXRoLmJhY2tlbmRzLk1vZGVsQmFja2VuZCIsIl9hdXRoX3VzZXJfaWQiOiIxIn0=", "expire_date": "2017-09-29T09:45:56.278Z"}}, {"model": "auth.permission", "pk": 1, "fields": {"name": "Can add log entry", "content_type": 1, "codename": "add_logentry"}}, {"model": "auth.permission", "pk": 2, "fields": {"name": "Can change log entry", "content_type": 1, "codename": "change_logentry"}}, {"model": "auth.permission", "pk": 3, "fields": {"name": "Can delete log entry", "content_type": 1, "codename": "delete_logentry"}}, {"model": "auth.permission", "pk": 4, "fields": {"name": "Can add group", "content_type": 2, "codename": "add_group"}}, {"model": "auth.permission", "pk": 5, "fields": {"name": "Can change group", "content_type": 2, "codename": "change_group"}}, {"model": "auth.permission", "pk": 6, "fields": {"name": "Can delete group", "content_type": 2, "codename": "delete_group"}}, {"model": "auth.permission", "pk": 7, "fields": {"name": "Can add permission", "content_type": 3, "codename": "add_permission"}}, {"model": "auth.permission", "pk": 8, "fields": {"name": "Can change permission", "content_type": 3, "codename": "change_permission"}}, {"model": "auth.permission", "pk": 9, "fields": {"name": "Can delete permission", "content_type": 3, "codename": "delete_permission"}}, {"model": "auth.permission", "pk": 10, "fields": {"name": "Can add user", "content_type": 4, "codename": "add_user"}}, {"model": "auth.permission", "pk": 11, "fields": {"name": "Can change user", "content_type": 4, "codename": "change_user"}}, {"model": "auth.permission", "pk": 12, "fields": {"name": "Can delete user", "content_type": 4, "codename": "delete_user"}}, {"model": "auth.permission", "pk": 13, "fields": {"name": "Can add content type", "content_type": 5, "codename": "add_contenttype"}}, {"model": "auth.permission", "pk": 14, "fields": {"name": "Can change content type", "content_type": 5, "codename": "change_contenttype"}}, {"model": "auth.permission", "pk": 15, "fields": {"name": "Can delete content type", "content_type": 5, "codename": "delete_contenttype"}}, {"model": "auth.permission", "pk": 16, "fields": {"name": "Can add session", "content_type": 6, "codename": "add_session"}}, {"model": "auth.permission", "pk": 17, "fields": {"name": "Can change session", "content_type": 6, "codename": "change_session"}}, {"model": "auth.permission", "pk": 18, "fields": {"name": "Can delete session", "content_type": 6, "codename": "delete_session"}}, {"model": "auth.permission", "pk": 19, "fields": {"name": "Can add post category", "content_type": 7, "codename": "add_postcategory"}}, {"model": "auth.permission", "pk": 20, "fields": {"name": "Can change post category", "content_type": 7, "codename": "change_postcategory"}}, {"model": "auth.permission", "pk": 21, "fields": {"name": "Can delete post category", "content_type": 7, "codename": "delete_postcategory"}}, {"model": "auth.permission", "pk": 22, "fields": {"name": "Can add forum post", "content_type": 8, "codename": "add_forumpost"}}, {"model": "auth.permission", "pk": 23, "fields": {"name": "Can change forum post", "content_type": 8, "codename": "change_forumpost"}}, {"model": "auth.permission", "pk": 24, "fields": {"name": "Can delete forum post", "content_type": 8, "codename": "delete_forumpost"}}, {"model": "auth.permission", "pk": 25, "fields": {"name": "Can add comment", "content_type": 9, "codename": "add_comment"}}, {"model": "auth.permission", "pk": 26, "fields": {"name": "Can change comment", "content_type": 9, "codename": "change_comment"}}, {"model": "auth.permission", "pk": 27, "fields": {"name": "Can delete comment", "content_type": 9, "codename": "delete_comment"}}, {"model": "auth.user", "pk": 1, "fields": {"password": "pbkdf2_sha256$36000$bf4AVuI0ZcJC$lC+LdZ2UjwkWbbmYvbXwYuUEwahxWoipn4wNUY4sMEE=", "last_login": "2017-09-23T06:52:56.492Z", "is_superuser": true, "username": "apurva", "first_name": "", "last_name": "", "email": "", "is_staff": true, "is_active": true, "date_joined": "2017-09-14T09:32:28.054Z", "groups": [], "user_permissions": []}}, {"model": "auth.user", "pk": 2, "fields": {"password": "pbkdf2_sha256$36000$gLGTkDIv3bca$G4jmNFDs1FAuBtZ4MS1Kk6pA6vIr4Llf5Ms14NkkGDE=", "last_login": "2017-09-17T01:38:53.005Z", "is_superuser": false, "username": "apura", "first_name": "", "last_name": "", "email": "", "is_staff": false, "is_active": true, "date_joined": "2017-09-17T01:38:52.636Z", "groups": [], "user_permissions": []}}, {"model": "auth.user", "pk": 3, "fields": {"password": "pbkdf2_sha256$36000$MM5GAexsx9Fj$nsm0TQ233FFfKlEWk3dzTnULZtRErJ0zddushpB8LcA=", "last_login": "2017-09-17T12:28:39.430Z", "is_superuser": false, "username": "apurva9", "first_name": "Apurva", "last_name": "Saraogi", "email": "apurva.apurva.saraogi9@gmail.com", "is_staff": false, "is_active": true, "date_joined": "2017-09-17T12:28:39.157Z", "groups": [], "user_permissions": []}}, {"model": "auth.user", "pk": 4, "fields": {"password": "pbkdf2_sha256$36000$UkG3iWDOxpfC$brXrsDeCq0+IAHIZfKVCia89654RQwyAK0Pj3zCoNU8=", "last_login": "2017-09-17T12:35:10.854Z", "is_superuser": false, "username": "apurvaa", "first_name": "Apurva", "last_name": "Saraogi", "email": "apurv@gmail.com", "is_staff": false, "is_active": true, "date_joined": "2017-09-17T12:35:10.384Z", "groups": [], "user_permissions": []}}, {"model": "auth.user", "pk": 5, "fields": {"password": "pbkdf2_sha256$36000$tWk6eQmfOqJd$VYBRTt9Q8h8TvOBZ3yvqUHY2j2ba/QGbHVuBzydUQwg=", "last_login": null, "is_superuser": false, "username": "asdfasdfasd", "first_name": "sdvasdva", "last_name": "asfvsdvs", "email": "asdasda@sfdsd.com", "is_staff": false, "is_active": true, "date_joined": "2017-09-17T12:38:40.583Z", "groups": [], "user_permissions": []}}, {"model": "auth.user", "pk": 6, "fields": {"password": "pbkdf2_sha256$36000$f2yMG9n9zGSg$vW8wu5NdfjpLgmWesUTBAyUnHIXV8iLlxzu6kRy3R2w=", "last_login": null, "is_superuser": false, "username": "asdfasdfasda", "first_name": "sdvasdva", "last_name": "asfvsdvs", "email": "asdasada@sfdsd.com", "is_staff": false, "is_active": true, "date_joined": "2017-09-17T12:39:38.003Z", "groups": [], "user_permissions": []}}, {"model": "auth.user", "pk": 7, "fields": {"password": "pbkdf2_sha256$36000$ZZe2EUn0IxWN$kjr5N7FJJGHE8SrVCLi0eq3oO27JFoqlZHEiFnW0oDM=", "last_login": null, "is_superuser": false, "username": "aaasdfasdfasda", "first_name": "sdvasdva", "last_name": "asfvsdvs", "email": "asdaasaada@sfdsd.com", "is_staff": false, "is_active": true, "date_joined": "2017-09-17T12:41:34.740Z", "groups": [], "user_permissions": []}}, {"model": "auth.user", "pk": 8, "fields": {"password": "pbkdf2_sha256$36000$mlSn69IR7bOy$LQ3yL3VxfLqfELFBWP0xRw3X0mi1h1T9rsmGLDeepRk=", "last_login": "2017-09-23T04:01:27.243Z", "is_superuser": false, "username": "aaa", "first_name": "sdvasdva", "last_name": "asfvsdvs", "email": "asdaaasaada@sfdsd.com", "is_staff": false, "is_active": true, "date_joined": "2017-09-17T12:44:54.236Z", "groups": [], "user_permissions": []}}, {"model": "admin.logentry", "pk": 1, "fields": {"action_time": "2017-09-15T09:47:21.045Z", "user": 1, "content_type": 8, "object_id": "1", "object_repr": "How to Crack IIT- JEE?", "action_flag": 1, "change_message": "[{\"added\": {}}]"}}, {"model": "admin.logentry", "pk": 2, "fields": {"action_time": "2017-09-15T10:10:27.927Z", "user": 1, "content_type": 8, "object_id": "2", "object_repr": "Why does no one talk to me?", "action_flag": 1, "change_message": "[{\"added\": {}}]"}}, {"model": "admin.logentry", "pk": 3, "fields": {"action_time": "2017-09-15T10:38:17.942Z", "user": 1, "content_type": 7, "object_id": "3", "object_repr": "Social World", "action_flag": 2, "change_message": "[{\"changed\": {\"fields\": [\"s\"]}}]"}}, {"model": "admin.logentry", "pk": 4, "fields": {"action_time": "2017-09-15T10:38:26.670Z", "user": 1, "content_type": 7, "object_id": "2", "object_repr": "Relationships", "action_flag": 2, "change_message": "[{\"changed\": {\"fields\": [\"s\"]}}]"}}, {"model": "admin.logentry", "pk": 5, "fields": {"action_time": "2017-09-15T10:38:33.797Z", "user": 1, "content_type": 7, "object_id": "1", "object_repr": "Studies", "action_flag": 2, "change_message": "[{\"changed\": {\"fields\": [\"s\"]}}]"}}, {"model": "admin.logentry", "pk": 6, "fields": {"action_time": "2017-09-17T13:48:54.026Z", "user": 1, "content_type": 7, "object_id": "3", "object_repr": "social-world", "action_flag": 2, "change_message": "[{\"changed\": {\"fields\": [\"url\"]}}]"}}, {"model": "admin.logentry", "pk": 7, "fields": {"action_time": "2017-09-17T13:49:05.794Z", "user": 1, "content_type": 7, "object_id": "2", "object_repr": "relationships", "action_flag": 2, "change_message": "[{\"changed\": {\"fields\": [\"url\"]}}]"}}, {"model": "admin.logentry", "pk": 8, "fields": {"action_time": "2017-09-17T13:49:13.045Z", "user": 1, "content_type": 7, "object_id": "1", "object_repr": "studies", "action_flag": 2, "change_message": "[{\"changed\": {\"fields\": [\"url\"]}}]"}}, {"model": "admin.logentry", "pk": 9, "fields": {"action_time": "2017-09-17T14:05:27.753Z", "user": 1, "content_type": 9, "object_id": "1", "object_repr": "Bro Awesome Content", "action_flag": 1, "change_message": "[{\"added\": {}}]"}}, {"model": "admin.logentry", "pk": 10, "fields": {"action_time": "2017-09-22T18:01:45.143Z", "user": 1, "content_type": 4, "object_id": "8", "object_repr": "aaa", "action_flag": 2, "change_message": "[{\"changed\": {\"fields\": [\"password\"]}}]"}}, {"model": "admin.logentry", "pk": 11, "fields": {"action_time": "2017-09-23T06:53:34.980Z", "user": 1, "content_type": 8, "object_id": "11", "object_repr": "Hindi Anuvaad Badhaiye", "action_flag": 3, "change_message": ""}}, {"model": "forum.messages", "pk": 12, "fields": {"user1": 1, "user2": 8, "date": "2017-09-22T17:48:55.040Z", "message": "HI"}}, {"model": "forum.messages", "pk": 13, "fields": {"user1": 1, "user2": 8, "date": "2017-09-22T17:49:41.320Z", "message": "Whats up"}}, {"model": "forum.messages", "pk": 14, "fields": {"user1": 8, "user2": 1, "date": "2017-09-22T18:04:05.679Z", "message": "so hows eveything?"}}, {"model": "forum.messages", "pk": 15, "fields": {"user1": 8, "user2": 1, "date": "2017-09-22T18:04:58.568Z", "message": "So what else is going on?"}}, {"model": "forum.messages", "pk": 16, "fields": {"user1": 8, "user2": 8, "date": "2017-09-22T18:58:15.997Z", "message": "Hi"}}, {"model": "forum.messages", "pk": 17, "fields": {"user1": 8, "user2": 1, "date": "2017-09-22T18:59:04.087Z", "message": "Hello Final Testing Check 1"}}, {"model": "forum.messages", "pk": 18, "fields": {"user1": 1, "user2": 8, "date": "2017-09-23T02:30:53.373Z", "message": "Hi"}}, {"model": "forum.messages", "pk": 19, "fields": {"user1": 8, "user2": 1, "date": "2017-09-23T02:32:24.514Z", "message": "Hi"}}, {"model": "forum.messages", "pk": 20, "fields": {"user1": 8, "user2": 1, "date": "2017-09-23T02:34:45.406Z", "message": "Good Morning"}}, {"model": "forum.messages", "pk": 21, "fields": {"user1": 1, "user2": 8, "date": "2017-09-23T02:35:48.586Z", "message": "Good Morning"}}, {"model": "forum.messages", "pk": 22, "fields": {"user1": 1, "user2": 1, "date": "2017-09-23T04:00:49.875Z", "message": "Hi"}}, {"model": "forum.messages", "pk": 23, "fields": {"user1": 8, "user2": 8, "date": "2017-09-23T04:01:40.343Z", "message": "So Whats Up Man"}}, {"model": "forum.messages", "pk": 24, "fields": {"user1": 1, "user2": 8, "date": "2017-09-23T04:02:57.909Z", "message": "Hello\\"}}, {"model": "forum.messages", "pk": 25, "fields": {"user1": 1, "user2": 8, "date": "2017-09-23T04:03:07.932Z", "message": "{{user}}"}}, {"model": "forum.messages", "pk": 26, "fields": {"user1": 8, "user2": 1, "date": "2017-09-23T04:03:19.792Z", "message": "Naice See Its Working"}}, {"model": "forum.messages", "pk": 27, "fields": {"user1": 8, "user2": 1, "date": "2017-09-23T04:03:26.935Z", "message": "WIth ajax Bro"}}, {"model": "forum.messages", "pk": 28, "fields": {"user1": 1, "user2": 8, "date": "2017-09-23T04:03:31.975Z", "message": ":D"}}, {"model": "forum.messages", "pk": 29, "fields": {"user1": 1, "user2": 8, "date": "2017-09-23T04:03:36.222Z", "message": "<3"}}, {"model": "forum.messages", "pk": 30, "fields": {"user1": 1, "user2": 8, "date": "2017-09-23T04:41:04.120Z", "message": "Lets Convert"}}, {"model": "forum.messages", "pk": 31, "fields": {"user1": 1, "user2": 8, "date": "2017-09-23T04:43:13.069Z", "message": "hello"}}, {"model": "forum.messages", "pk": 32, "fields": {"user1": 8, "user2": 1, "date": "2017-09-23T04:43:55.871Z", "message": "hi"}}, {"model": "forum.messages", "pk": 33, "fields": {"user1": 8, "user2": 1, "date": "2017-09-23T04:44:04.643Z", "message": "hi"}}, {"model": "forum.messages", "pk": 34, "fields": {"user1": 8, "user2": 1, "date": "2017-09-23T04:44:10.059Z", "message": "hello"}}, {"model": "forum.comment", "pk": 1, "fields": {"author": 4, "comment": "Bro Awesome Content", "date": "2017-09-17T14:04:49Z", "forumpost": 7}}, {"model": "forum.comment", "pk": 3, "fields": {"author": 1, "comment": "Awesomeest Thing till date", "date": "2017-09-17T18:24:23.458Z", "forumpost": 5}}, {"model": "forum.forumpost", "pk": 1, "fields": {"author": 1, "topic": "How to Crack IIT- JEE?", "text": "I am an aspirant preparing for JEE 2018, have had studied nothing i want to know how shoul i proceed ahead?", "date": "2017-09-15T09:46:12Z", "category": 1}}, {"model": "forum.forumpost", "pk": 2, "fields": {"author": 1, "topic": "Why does no one talk to me?", "text": "Lorem ipsum dolor sit amet, in perfecto maluisset honestatis vis. Sed in nominati signiferumque, ne deleniti fabellas expetenda est. An discere urbanitas sed, iusto pertinax urbanitas at vim. Et appetere contentiones nam, quo ex eius volutpat. Detraxit salutandi te sea. In veritus adipiscing has, mea et sint mundi, no ius probo fierent principes.", "date": "2017-09-15T10:10:22Z", "category": 3}}, {"model": "forum.forumpost", "pk": 3, "fields": {"author": 1, "topic": "How To Score more marks in MA201", "text": "Im a student studying ma201, im unable to do well, please help, everyone is welcome", "date": "2017-09-16T08:13:47.195Z", "category": 1}}, {"model": "forum.forumpost", "pk": 4, "fields": {"author": 1, "topic": "How To Score more marks in MA201", "text": "Im a student studying ma201, im unable to do well, please help, everyone is welcome", "date": "2017-09-16T08:14:13.893Z", "category": 1}}, {"model": "forum.forumpost", "pk": 5, "fields": {"author": 1, "topic": "Post demo", "text": "sdfasdgadfgadfgh", "date": "2017-09-16T09:06:51.349Z", "category": 3}}, {"model": "forum.forumpost", "pk": 6, "fields": {"author": 1, "topic": "What is Lorem Ipsum", "text": "Lorem ipsum dolor sit amet, in perfecto maluisset honestatis vis. Sed in nominati signiferumque, ne deleniti fabellas expetenda est. An discere urbanitas sed, iusto pertinax urbanitas at vim. Et appetere contentiones nam, quo ex eius volutpat. Detraxit salutandi te sea. In veritus adipiscing has, mea et sint mundi, no ius probo fierent principes.", "date": "2017-09-16T12:21:09.582Z", "category": 2}}, {"model": "forum.forumpost", "pk": 7, "fields": {"author": 1, "topic": "How do I Do things?", "text": "Lorem ipsum dolor sit amet, in perfecto maluisset honestatis vis. Sed in nominati signiferumque, ne deleniti fabellas expetenda est. An discere urbanitas sed, iusto pertinax urbanitas at vim. Et appetere contentiones nam, quo ex eius volutpat. Detraxit salutandi te sea. In veritus adipiscing has, mea et sint mundi, no ius probo fierent principes.", "date": "2017-09-16T14:59:21.976Z", "category": 2}}, {"model": "forum.forumpost", "pk": 8, "fields": {"author": 9, "topic": "Will India Win Against Australia", "text": "Jo Bhi jitega maja zaroor ayega", "date": "2017-09-17T16:15:42.062Z", "category": 3}}, {"model": "forum.forumpost", "pk": 9, "fields": {"author": 1, "topic": "Demo {Post", "text": "Lorem ipsum dolor sit amet, in perfecto maluisset honestatis vis. Sed in nominati signiferumque, ne deleniti fabellas expetenda est. An discere urbanitas sed, iusto pertinax urbanitas at vim. Et appetere contentiones nam, quo ex eius volutpat. Detraxit salutandi te sea. In veritus adipiscing has, mea et sint mundi, no ius probo fierent principes.", "date": "2017-09-17T18:24:42.313Z", "category": 2}}]